{
  "dashboard": {
    "id": null,
    "title": "Appraisal System - 1K Users Load Testing",
    "tags": ["appraisal", "load-testing", "1k-users"],
    "style": "dark",
    "timezone": "browser",
    "panels": [
      {
        "id": 1,
        "title": "👥 Concurrent Users",
        "type": "stat",
        "targets": [
          {
            "expr": "sum(http_requests_total{job=\"appraisal-app\"})",
            "legendFormat": "Active Users"
          }
        ],
        "fieldConfig": {
          "defaults": {
            "color": {
              "mode": "thresholds"
            },
            "thresholds": {
              "steps": [
                {"color": "green", "value": 0},
                {"color": "yellow", "value": 800},
                {"color": "red", "value": 1000}
              ]
            },
            "unit": "short"
          }
        },
        "gridPos": {"h": 8, "w": 6, "x": 0, "y": 0}
      },
      {
        "id": 2,
        "title": "⚡ Response Times",
        "type": "graph",
        "targets": [
          {
            "expr": "histogram_quantile(0.50, rate(http_request_duration_seconds_bucket[5m]))",
            "legendFormat": "50th percentile"
          },
          {
            "expr": "histogram_quantile(0.95, rate(http_request_duration_seconds_bucket[5m]))",
            "legendFormat": "95th percentile"
          },
          {
            "expr": "histogram_quantile(0.99, rate(http_request_duration_seconds_bucket[5m]))",
            "legendFormat": "99th percentile"
          }
        ],
        "yAxes": [
          {
            "label": "Response Time (ms)",
            "max": 2000,
            "min": 0
          }
        ],
        "alert": {
          "conditions": [
            {
              "query": {"queryType": "", "refId": "A"},
              "reducer": {"type": "avg"},
              "evaluator": {"params": [500], "type": "gt"}
            }
          ],
          "executionErrorState": "alerting",
          "for": "5m",
          "frequency": "10s",
          "handler": 1,
          "name": "High Response Time Alert",
          "noDataState": "no_data"
        },
        "gridPos": {"h": 8, "w": 12, "x": 6, "y": 0}
      },
      {
        "id": 3,
        "title": "🖥️ CPU Usage per Instance",
        "type": "graph",
        "targets": [
          {
            "expr": "100 - (avg by (instance) (irate(node_cpu_seconds_total{mode=\"idle\"}[5m])) * 100)",
            "legendFormat": "CPU Usage - {{instance}}"
          }
        ],
        "yAxes": [
          {
            "label": "CPU %",
            "max": 100,
            "min": 0
          }
        ],
        "thresholds": [
          {"value": 75, "colorMode": "critical", "op": "gt"},
          {"value": 90, "colorMode": "critical", "op": "gt"}
        ],
        "gridPos": {"h": 8, "w": 6, "x": 18, "y": 0}
      },
      {
        "id": 4,
        "title": "💾 Memory Usage per Instance",
        "type": "graph",
        "targets": [
          {
            "expr": "(1 - (node_memory_MemAvailable_bytes / node_memory_MemTotal_bytes)) * 100",
            "legendFormat": "Memory Usage - {{instance}}"
          }
        ],
        "yAxes": [
          {
            "label": "Memory %",
            "max": 100,
            "min": 0
          }
        ],
        "thresholds": [
          {"value": 80, "colorMode": "critical", "op": "gt"},
          {"value": 90, "colorMode": "critical", "op": "gt"}
        ],
        "gridPos": {"h": 8, "w": 6, "x": 0, "y": 8}
      },
      {
        "id": 5,
        "title": "🗄️ Database Connections",
        "type": "graph",
        "targets": [
          {
            "expr": "hikaricp_connections_active{pool=\"master\"}",
            "legendFormat": "Master Active"
          },
          {
            "expr": "hikaricp_connections_active{pool=\"read1\"}",
            "legendFormat": "Read1 Active"
          },
          {
            "expr": "hikaricp_connections_total{pool=\"master\"}",
            "legendFormat": "Master Total"
          },
          {
            "expr": "hikaricp_connections_total{pool=\"read1\"}",
            "legendFormat": "Read1 Total"
          }
        ],
        "yAxes": [
          {
            "label": "Connections",
            "min": 0
          }
        ],
        "thresholds": [
          {"value": 40, "colorMode": "critical", "op": "gt"},
          {"value": 60, "colorMode": "critical", "op": "gt"}
        ],
        "gridPos": {"h": 8, "w": 12, "x": 6, "y": 8}
      },
      {
        "id": 6,
        "title": "📦 Redis Performance",
        "type": "graph",
        "targets": [
          {
            "expr": "redis_connected_clients",
            "legendFormat": "Connected Clients"
          },
          {
            "expr": "redis_memory_used_bytes / 1024 / 1024",
            "legendFormat": "Memory Used (MB)"
          },
          {
            "expr": "rate(redis_commands_total[5m])",
            "legendFormat": "Commands/sec"
          }
        ],
        "gridPos": {"h": 8, "w": 6, "x": 18, "y": 8}
      },
      {
        "id": 7,
        "title": "🚦 Error Rate",
        "type": "stat",
        "targets": [
          {
            "expr": "sum(rate(http_requests_total{status=~\"5..\"}[5m])) / sum(rate(http_requests_total[5m])) * 100",
            "legendFormat": "Error Rate %"
          }
        ],
        "fieldConfig": {
          "defaults": {
            "color": {
              "mode": "thresholds"
            },
            "thresholds": {
              "steps": [
                {"color": "green", "value": 0},
                {"color": "yellow", "value": 0.1},
                {"color": "red", "value": 1}
              ]
            },
            "unit": "percent"
          }
        },
        "gridPos": {"h": 4, "w": 6, "x": 0, "y": 16}
      },
      {
        "id": 8,
        "title": "📊 Throughput (RPS)",
        "type": "stat",
        "targets": [
          {
            "expr": "sum(rate(http_requests_total[5m]))",
            "legendFormat": "Requests/sec"
          }
        ],
        "fieldConfig": {
          "defaults": {
            "color": {
              "mode": "thresholds"
            },
            "thresholds": {
              "steps": [
                {"color": "red", "value": 0},
                {"color": "yellow", "value": 500},
                {"color": "green", "value": 800}
              ]
            },
            "unit": "reqps"
          }
        },
        "gridPos": {"h": 4, "w": 6, "x": 6, "y": 16}
      },
      {
        "id": 9,
        "title": "🎯 Cache Hit Ratio",
        "type": "stat",
        "targets": [
          {
            "expr": "redis_keyspace_hits / (redis_keyspace_hits + redis_keyspace_misses) * 100",
            "legendFormat": "Hit Ratio %"
          }
        ],
        "fieldConfig": {
          "defaults": {
            "color": {
              "mode": "thresholds"
            },
            "thresholds": {
              "steps": [
                {"color": "red", "value": 0},
                {"color": "yellow", "value": 70},
                {"color": "green", "value": 80}
              ]
            },
            "unit": "percent"
          }
        },
        "gridPos": {"h": 4, "w": 6, "x": 12, "y": 16}
      },
      {
        "id": 10,
        "title": "📈 Auto-scaling Status",
        "type": "stat",
        "targets": [
          {
            "expr": "kube_deployment_status_replicas{deployment=\"appraisal-app\"}",
            "legendFormat": "Active Instances"
          }
        ],
        "fieldConfig": {
          "defaults": {
            "color": {
              "mode": "thresholds"
            },
            "thresholds": {
              "steps": [
                {"color": "yellow", "value": 1},
                {"color": "green", "value": 2},
                {"color": "orange", "value": 4}
              ]
            },
            "unit": "short"
          }
        },
        "gridPos": {"h": 4, "w": 6, "x": 18, "y": 16}
      },
      {
        "id": 11,
        "title": "🔄 Top API Endpoints",
        "type": "table",
        "targets": [
          {
            "expr": "topk(10, sum by (uri) (rate(http_requests_total[5m])))",
            "format": "table",
            "legendFormat": "{{uri}}"
          }
        ],
        "gridPos": {"h": 8, "w": 12, "x": 0, "y": 20}
      },
      {
        "id": 12,
        "title": "⚠️ System Alerts",
        "type": "logs",
        "targets": [
          {
            "expr": "{job=\"appraisal-app\"} |= \"ERROR\" or |= \"WARN\"",
            "legendFormat": "Application Logs"
          }
        ],
        "gridPos": {"h": 8, "w": 12, "x": 12, "y": 20}
      }
    ],
    "time": {
      "from": "now-1h",
      "to": "now"
    },
    "timepicker": {
      "refresh_intervals": ["5s", "10s", "30s", "1m", "5m", "15m", "30m", "1h", "2h", "1d"]
    },
    "refresh": "5s",
    "schemaVersion": 27,
    "version": 1,
    "annotations": {
      "list": [
        {
          "name": "Load Test Events",
          "datasource": "Prometheus",
          "enable": true,
          "iconColor": "rgba(0, 211, 255, 1)",
          "tags": ["load-test"]
        }
      ]
    },
    "templating": {
      "list": [
        {
          "name": "instance",
          "type": "query",
          "query": "label_values(up, instance)",
          "refresh": 1,
          "includeAll": true,
          "multi": true
        }
      ]
    }
  }
} 